local_graph,global_graph,r,round,active,new,new_local,new_global,new_both
inf-roadNet-PA,soc-google-plus,10,0,1,1,1,0,0
inf-roadNet-PA,soc-google-plus,10,1,4,3,3,0,0
inf-roadNet-PA,soc-google-plus,10,2,10,6,6,0,0
inf-roadNet-PA,soc-google-plus,10,3,18,8,8,0,0
inf-roadNet-PA,soc-google-plus,10,4,30,12,12,0,0
inf-roadNet-PA,soc-google-plus,10,5,44,14,14,0,0
inf-roadNet-PA,soc-google-plus,10,6,65,21,21,0,0
inf-roadNet-PA,soc-google-plus,10,7,87,22,22,0,0
inf-roadNet-PA,soc-google-plus,10,8,111,24,24,0,0
inf-roadNet-PA,soc-google-plus,10,9,140,29,29,0,0
inf-roadNet-PA,soc-google-plus,10,10,177,37,37,0,0
inf-roadNet-PA,soc-google-plus,10,11,229,52,52,0,0
inf-roadNet-PA,soc-google-plus,10,12,286,57,57,0,0
inf-roadNet-PA,soc-google-plus,10,13,359,73,73,0,0
inf-roadNet-PA,soc-google-plus,10,14,437,78,78,0,0
inf-roadNet-PA,soc-google-plus,10,15,521,84,84,0,0
inf-roadNet-PA,soc-google-plus,10,16,609,88,88,0,0
inf-roadNet-PA,soc-google-plus,10,17,703,94,94,0,0
inf-roadNet-PA,soc-google-plus,10,18,802,99,99,0,0
inf-roadNet-PA,soc-google-plus,10,19,919,117,117,0,0
inf-roadNet-PA,soc-google-plus,10,20,1050,131,131,0,0
inf-roadNet-PA,soc-google-plus,10,21,1195,145,144,1,0
inf-roadNet-PA,soc-google-plus,10,22,1354,159,158,1,0
inf-roadNet-PA,soc-google-plus,10,23,1544,190,188,2,0
inf-roadNet-PA,soc-google-plus,10,24,1769,225,222,3,0
inf-roadNet-PA,soc-google-plus,10,25,2031,262,245,17,0
inf-roadNet-PA,soc-google-plus,10,26,3050,1019,369,650,0
inf-roadNet-PA,soc-google-plus,10,27,8135,5085,2240,2819,26
inf-roadNet-PA,soc-google-plus,10,28,21642,13507,11219,2227,61
inf-roadNet-PA,soc-google-plus,10,29,49249,27607,22766,4558,283
inf-roadNet-PA,soc-google-plus,10,30,93980,44731,38357,5444,930
inf-roadNet-PA,soc-google-plus,10,31,144121,50141,46800,2427,914
inf-roadNet-PA,soc-google-plus,10,32,181285,37164,36177,605,382
inf-roadNet-PA,soc-google-plus,10,33,200412,19127,18919,115,93
inf-roadNet-PA,soc-google-plus,10,34,207824,7412,7380,15,17
inf-roadNet-PA,soc-google-plus,10,35,210260,2436,2434,0,2
inf-roadNet-PA,soc-google-plus,10,36,210971,711,711,0,0
inf-roadNet-PA,soc-google-plus,10,37,211147,176,176,0,0
inf-roadNet-PA,soc-google-plus,10,38,211178,31,31,0,0
inf-roadNet-PA,soc-google-plus,10,39,211184,6,6,0,0
inf-roadNet-PA,soc-google-plus,10,40,211187,3,3,0,0
inf-roadNet-PA,soc-twitter-follows,3,0,1,1,1,0,0
inf-roadNet-PA,soc-twitter-follows,3,1,4,3,3,0,0
inf-roadNet-PA,soc-twitter-follows,3,2,9,5,5,0,0
inf-roadNet-PA,soc-twitter-follows,3,3,16,7,7,0,0
inf-roadNet-PA,soc-twitter-follows,3,4,26,10,10,0,0
inf-roadNet-PA,soc-twitter-follows,3,5,41,15,15,0,0
inf-roadNet-PA,soc-twitter-follows,3,6,62,21,21,0,0
inf-roadNet-PA,soc-twitter-follows,3,7,90,28,28,0,0
inf-roadNet-PA,soc-twitter-follows,3,8,122,32,32,0,0
inf-roadNet-PA,soc-twitter-follows,3,9,164,42,41,1,0
inf-roadNet-PA,soc-twitter-follows,3,10,222,58,58,0,0
inf-roadNet-PA,soc-twitter-follows,3,11,302,80,77,3,0
inf-roadNet-PA,soc-twitter-follows,3,12,417,115,109,6,0
inf-roadNet-PA,soc-twitter-follows,3,13,585,168,154,14,0
inf-roadNet-PA,soc-twitter-follows,3,14,937,352,233,119,0
inf-roadNet-PA,soc-twitter-follows,3,15,4645,3708,645,3063,0
inf-roadNet-PA,soc-twitter-follows,3,16,24721,20076,9395,10508,173
inf-roadNet-PA,soc-twitter-follows,3,17,93352,68631,40202,25737,2692
inf-roadNet-PA,soc-twitter-follows,3,18,200438,107086,105286,1363,437
inf-roadNet-PA,soc-twitter-follows,3,19,298398,97960,97899,39,22
inf-roadNet-PA,soc-twitter-follows,3,20,359295,60897,60897,0,0
inf-roadNet-PA,soc-twitter-follows,3,21,387912,28617,28616,1,0
inf-roadNet-PA,soc-twitter-follows,3,22,399171,11259,11259,0,0
inf-roadNet-PA,soc-twitter-follows,3,23,403062,3891,3891,0,0
inf-roadNet-PA,soc-twitter-follows,3,24,404212,1150,1150,0,0
inf-roadNet-PA,soc-twitter-follows,3,25,404541,329,329,0,0
inf-roadNet-PA,soc-twitter-follows,3,26,404651,110,110,0,0
inf-roadNet-PA,soc-twitter-follows,3,27,404686,35,35,0,0
inf-roadNet-PA,soc-twitter-follows,3,28,404699,13,13,0,0
inf-roadNet-PA,soc-twitter-follows,3,29,404707,8,8,0,0
inf-roadNet-PA,soc-twitter-follows,3,30,404710,3,3,0,0
inf-roadNet-PA,soc-twitter-follows,3,31,404713,3,3,0,0
inf-roadNet-PA,soc-twitter-follows,3,32,404715,2,2,0,0
inf-roadNet-PA,soc-twitter-follows,3,33,404717,2,2,0,0
inf-roadNet-PA,soc-twitter-follows,3,34,404719,2,2,0,0
inf-roadNet-PA,soc-delicious,5,0,1,1,1,0,0
inf-roadNet-PA,soc-delicious,5,1,3,2,2,0,0
inf-roadNet-PA,soc-delicious,5,2,7,4,4,0,0
inf-roadNet-PA,soc-delicious,5,3,15,8,8,0,0
inf-roadNet-PA,soc-delicious,5,4,27,12,12,0,0
inf-roadNet-PA,soc-delicious,5,5,48,21,21,0,0
inf-roadNet-PA,soc-delicious,5,6,77,29,25,4,0
inf-roadNet-PA,soc-delicious,5,7,115,38,35,3,0
inf-roadNet-PA,soc-delicious,5,8,186,71,65,6,0
inf-roadNet-PA,soc-delicious,5,9,303,117,102,15,0
inf-roadNet-PA,soc-delicious,5,10,622,319,211,108,0
inf-roadNet-PA,soc-delicious,5,11,2211,1589,595,985,9
inf-roadNet-PA,soc-delicious,5,12,12550,10339,3311,6827,201
inf-roadNet-PA,soc-delicious,5,13,47367,34817,18971,14427,1419
inf-roadNet-PA,soc-delicious,5,14,112917,65550,49565,13515,2470
inf-roadNet-PA,soc-delicious,5,15,199338,86421,76309,8191,1921
inf-roadNet-PA,soc-delicious,5,16,288251,88913,81515,5649,1749
inf-roadNet-PA,soc-delicious,5,17,361232,72981,68570,2928,1483
inf-roadNet-PA,soc-delicious,5,18,409238,48006,46569,814,623
inf-roadNet-PA,soc-delicious,5,19,437114,27876,27560,174,142
inf-roadNet-PA,soc-delicious,5,20,453651,16537,16487,33,17
inf-roadNet-PA,soc-delicious,5,21,465070,11419,11410,6,3
inf-roadNet-PA,soc-delicious,5,22,474311,9241,9239,0,2
inf-roadNet-PA,soc-delicious,5,23,482310,7999,7999,0,0
inf-roadNet-PA,soc-delicious,5,24,489525,7215,7215,0,0
inf-roadNet-PA,soc-delicious,5,25,496205,6680,6680,0,0
inf-roadNet-PA,soc-delicious,5,26,502212,6007,6007,0,0
inf-roadNet-PA,soc-delicious,5,27,507622,5410,5410,0,0
inf-roadNet-PA,soc-delicious,5,28,512353,4731,4731,0,0
inf-roadNet-PA,soc-delicious,5,29,516466,4113,4113,0,0
inf-roadNet-PA,soc-delicious,5,30,520047,3581,3581,0,0
inf-roadNet-PA,soc-delicious,5,31,523111,3064,3064,0,0
inf-roadNet-PA,soc-delicious,5,32,525778,2667,2667,0,0
inf-roadNet-PA,soc-delicious,5,33,528086,2308,2308,0,0
inf-roadNet-PA,soc-delicious,5,34,530154,2068,2068,0,0
inf-roadNet-PA,soc-delicious,5,35,531752,1598,1598,0,0
inf-roadNet-PA,soc-delicious,5,36,532934,1182,1182,0,0
inf-roadNet-PA,soc-delicious,5,37,533968,1034,1034,0,0
inf-roadNet-PA,soc-delicious,5,38,534701,733,733,0,0
inf-roadNet-PA,soc-delicious,5,39,535230,529,529,0,0
inf-roadNet-PA,soc-delicious,5,40,535555,325,325,0,0
inf-roadNet-PA,soc-delicious,5,41,535810,255,255,0,0
inf-roadNet-PA,soc-delicious,5,42,535968,158,158,0,0
inf-roadNet-PA,soc-delicious,5,43,536108,140,140,0,0
inf-roadNet-PA,soc-youtube,7,0,1,1,1,0,0
inf-roadNet-PA,soc-youtube,7,1,4,3,3,0,0
inf-roadNet-PA,soc-youtube,7,2,12,8,8,0,0
inf-roadNet-PA,soc-youtube,7,3,26,14,14,0,0
inf-roadNet-PA,soc-youtube,7,4,41,15,15,0,0
inf-roadNet-PA,soc-youtube,7,5,62,21,20,1,0
inf-roadNet-PA,soc-youtube,7,6,82,20,20,0,0
inf-roadNet-PA,soc-youtube,7,7,109,27,26,1,0
inf-roadNet-PA,soc-youtube,7,8,146,37,36,1,0
inf-roadNet-PA,soc-youtube,7,9,196,50,50,0,0
inf-roadNet-PA,soc-youtube,7,10,274,78,76,2,0
inf-roadNet-PA,soc-youtube,7,11,373,99,96,3,0
inf-roadNet-PA,soc-youtube,7,12,512,139,127,12,0
inf-roadNet-PA,soc-youtube,7,13,1097,585,196,389,0
inf-roadNet-PA,soc-youtube,7,14,7156,6059,1085,4807,167
inf-roadNet-PA,soc-youtube,7,15,27830,20674,9649,9733,1292
inf-roadNet-PA,soc-youtube,7,16,75572,47742,24544,20591,2607
inf-roadNet-PA,soc-youtube,7,17,144760,69188,54449,11727,3012
inf-roadNet-PA,soc-youtube,7,18,215555,70795,65534,4113,1148
inf-roadNet-PA,soc-youtube,7,19,279017,63462,61106,1825,531
inf-roadNet-PA,soc-youtube,7,20,333414,54397,53193,932,272
inf-roadNet-PA,soc-youtube,7,21,379024,45610,44927,542,141
inf-roadNet-PA,soc-youtube,7,22,415593,36569,36190,296,83
inf-roadNet-PA,soc-youtube,7,23,443381,27788,27551,167,70
inf-roadNet-PA,soc-youtube,7,24,463306,19925,19792,102,31
inf-roadNet-PA,soc-youtube,7,25,476719,13413,13354,46,13
inf-roadNet-PA,soc-youtube,7,26,485292,8573,8550,19,4
inf-roadNet-PA,soc-youtube,7,27,490298,5006,4993,10,3
inf-roadNet-PA,soc-youtube,7,28,493126,2828,2825,3,0
inf-roadNet-PA,soc-youtube,7,29,494596,1470,1470,0,0
inf-roadNet-PA,soc-youtube,7,30,495314,718,718,0,0
inf-roadNet-PA,soc-youtube,7,31,495655,341,341,0,0
inf-roadNet-PA,soc-youtube,7,32,495802,147,147,0,0
inf-roadNet-PA,soc-youtube,7,33,495862,60,60,0,0
inf-roadNet-PA,soc-youtube,7,34,495891,29,29,0,0
inf-roadNet-PA,soc-youtube,7,35,495907,16,16,0,0
inf-roadNet-PA,soc-youtube,7,36,495917,10,10,0,0
inf-roadNet-PA,soc-youtube,7,37,495927,10,10,0,0
inf-roadNet-PA,soc-youtube,7,38,495935,8,8,0,0
inf-roadNet-PA,soc-youtube,7,39,495941,6,6,0,0
inf-roadNet-PA,soc-youtube,7,40,495946,5,5,0,0
inf-roadNet-PA,soc-youtube,7,41,495949,3,3,0,0
inf-roadNet-PA,soc-youtube,7,42,495951,2,2,0,0
inf-roadNet-PA,soc-youtube,7,43,495953,2,2,0,0
inf-roadNet-PA,soc-youtube,7,44,495955,2,2,0,0
inf-roadNet-PA,soc-youtube,7,45,495957,2,2,0,0
inf-roadNet-CA,soc-google-plus,10,0,1,1,1,0,0
inf-roadNet-CA,soc-google-plus,10,1,6,5,5,0,0
inf-roadNet-CA,soc-google-plus,10,2,17,11,11,0,0
inf-roadNet-CA,soc-google-plus,10,3,31,14,14,0,0
inf-roadNet-CA,soc-google-plus,10,4,50,19,19,0,0
inf-roadNet-CA,soc-google-plus,10,5,77,27,27,0,0
inf-roadNet-CA,soc-google-plus,10,6,105,28,28,0,0
inf-roadNet-CA,soc-google-plus,10,7,146,41,41,0,0
inf-roadNet-CA,soc-google-plus,10,8,192,46,46,0,0
inf-roadNet-CA,soc-google-plus,10,9,249,57,57,0,0
inf-roadNet-CA,soc-google-plus,10,10,314,65,65,0,0
inf-roadNet-CA,soc-google-plus,10,11,398,84,84,0,0
inf-roadNet-CA,soc-google-plus,10,12,490,92,92,0,0
inf-roadNet-CA,soc-google-plus,10,13,589,99,99,0,0
inf-roadNet-CA,soc-google-plus,10,14,709,120,120,0,0
inf-roadNet-CA,soc-google-plus,10,15,855,146,146,0,0
inf-roadNet-CA,soc-google-plus,10,16,1019,164,163,1,0
inf-roadNet-CA,soc-google-plus,10,17,1199,180,179,1,0
inf-roadNet-CA,soc-google-plus,10,18,1414,215,215,0,0
inf-roadNet-CA,soc-google-plus,10,19,1660,246,242,4,0
inf-roadNet-CA,soc-google-plus,10,20,1956,296,291,5,0
inf-roadNet-CA,soc-google-plus,10,21,2354,398,364,34,0
inf-roadNet-CA,soc-google-plus,10,22,3980,1626,539,1086,1
inf-roadNet-CA,soc-google-plus,10,23,10340,6360,3712,2626,22
inf-roadNet-CA,soc-google-plus,10,24,26217,15877,13203,2544,130
inf-roadNet-CA,soc-google-plus,10,25,57845,31628,25919,5247,462
inf-roadNet-CA,soc-google-plus,10,26,105284,47439,41702,4688,1049
inf-roadNet-CA,soc-google-plus,10,27,154008,48724,45892,1963,869
inf-roadNet-CA,soc-google-plus,10,28,186888,32880,32171,419,290
inf-roadNet-CA,soc-google-plus,10,29,202713,15825,15676,82,67
inf-roadNet-CA,soc-google-plus,10,30,208533,5820,5798,8,14
inf-roadNet-CA,soc-google-plus,10,31,210431,1898,1895,1,2
inf-roadNet-CA,soc-google-plus,10,32,210999,568,568,0,0
inf-roadNet-CA,soc-google-plus,10,33,211141,142,142,0,0
inf-roadNet-CA,soc-google-plus,10,34,211172,31,31,0,0
inf-roadNet-CA,soc-google-plus,10,35,211185,13,13,0,0
inf-roadNet-CA,soc-google-plus,10,36,211187,2,2,0,0
inf-roadNet-CA,soc-twitter-follows,3,0,1,1,1,0,0
inf-roadNet-CA,soc-twitter-follows,3,1,5,4,4,0,0
inf-roadNet-CA,soc-twitter-follows,3,2,10,5,5,0,0
inf-roadNet-CA,soc-twitter-follows,3,3,15,5,5,0,0
inf-roadNet-CA,soc-twitter-follows,3,4,20,5,5,0,0
inf-roadNet-CA,soc-twitter-follows,3,5,27,7,7,0,0
inf-roadNet-CA,soc-twitter-follows,3,6,37,10,10,0,0
inf-roadNet-CA,soc-twitter-follows,3,7,48,11,11,0,0
inf-roadNet-CA,soc-twitter-follows,3,8,62,14,14,0,0
inf-roadNet-CA,soc-twitter-follows,3,9,76,14,14,0,0
inf-roadNet-CA,soc-twitter-follows,3,10,91,15,15,0,0
inf-roadNet-CA,soc-twitter-follows,3,11,105,14,14,0,0
inf-roadNet-CA,soc-twitter-follows,3,12,119,14,14,0,0
inf-roadNet-CA,soc-twitter-follows,3,13,136,17,17,0,0
inf-roadNet-CA,soc-twitter-follows,3,14,156,20,20,0,0
inf-roadNet-CA,soc-twitter-follows,3,15,187,31,31,0,0
inf-roadNet-CA,soc-twitter-follows,3,16,224,37,37,0,0
inf-roadNet-CA,soc-twitter-follows,3,17,269,45,45,0,0
inf-roadNet-CA,soc-twitter-follows,3,18,323,54,53,1,0
inf-roadNet-CA,soc-twitter-follows,3,19,387,64,58,6,0
inf-roadNet-CA,soc-twitter-follows,3,20,473,86,81,5,0
inf-roadNet-CA,soc-twitter-follows,3,21,607,134,121,13,0
inf-roadNet-CA,soc-twitter-follows,3,22,877,270,222,48,0
inf-roadNet-CA,soc-twitter-follows,3,23,2005,1128,472,655,1
inf-roadNet-CA,soc-twitter-follows,3,24,16553,14548,2477,12033,38
inf-roadNet-CA,soc-twitter-follows,3,25,74179,57626,34013,21921,1692
inf-roadNet-CA,soc-twitter-follows,3,26,176469,102290,94932,5679,1679
inf-roadNet-CA,soc-twitter-follows,3,27,280793,104324,104122,133,69
inf-roadNet-CA,soc-twitter-follows,3,28,350309,69516,69504,6,6
inf-roadNet-CA,soc-twitter-follows,3,29,383854,33545,33545,0,0
inf-roadNet-CA,soc-twitter-follows,3,30,397449,13595,13595,0,0
inf-roadNet-CA,soc-twitter-follows,3,31,402313,4864,4864,0,0
inf-roadNet-CA,soc-twitter-follows,3,32,403906,1593,1593,0,0
inf-roadNet-CA,soc-twitter-follows,3,33,404438,532,532,0,0
inf-roadNet-CA,soc-twitter-follows,3,34,404611,173,173,0,0
inf-roadNet-CA,soc-twitter-follows,3,35,404667,56,56,0,0
inf-roadNet-CA,soc-twitter-follows,3,36,404695,28,28,0,0
inf-roadNet-CA,soc-twitter-follows,3,37,404700,5,5,0,0
inf-roadNet-CA,soc-twitter-follows,3,38,404702,2,2,0,0
inf-roadNet-CA,soc-twitter-follows,3,39,404703,1,1,0,0
inf-roadNet-CA,soc-twitter-follows,3,40,404704,1,1,0,0
inf-roadNet-CA,soc-twitter-follows,3,41,404705,1,1,0,0
inf-roadNet-CA,soc-twitter-follows,3,42,404706,1,1,0,0
inf-roadNet-CA,soc-twitter-follows,3,43,404707,1,1,0,0
inf-roadNet-CA,soc-twitter-follows,3,44,404708,1,1,0,0
inf-roadNet-CA,soc-twitter-follows,3,45,404710,2,2,0,0
inf-roadNet-CA,soc-twitter-follows,3,46,404713,3,3,0,0
inf-roadNet-CA,soc-twitter-follows,3,47,404716,3,3,0,0
inf-roadNet-CA,soc-twitter-follows,3,48,404717,1,1,0,0
inf-roadNet-CA,soc-twitter-follows,3,49,404719,2,2,0,0
inf-roadNet-CA,soc-delicious,5,0,1,1,1,0,0
inf-roadNet-CA,soc-delicious,5,1,4,3,3,0,0
inf-roadNet-CA,soc-delicious,5,2,10,6,6,0,0
inf-roadNet-CA,soc-delicious,5,3,22,12,12,0,0
inf-roadNet-CA,soc-delicious,5,4,44,22,21,1,0
inf-roadNet-CA,soc-delicious,5,5,79,35,32,3,0
inf-roadNet-CA,soc-delicious,5,6,135,56,55,1,0
inf-roadNet-CA,soc-delicious,5,7,224,89,82,7,0
inf-roadNet-CA,soc-delicious,5,8,355,131,119,12,0
inf-roadNet-CA,soc-delicious,5,9,656,301,205,96,0
inf-roadNet-CA,soc-delicious,5,10,2746,2090,535,1550,5
inf-roadNet-CA,soc-delicious,5,11,15913,13167,4583,8301,283
inf-roadNet-CA,soc-delicious,5,12,56178,40265,23603,14986,1676
inf-roadNet-CA,soc-delicious,5,13,128051,71873,56686,12624,2563
inf-roadNet-CA,soc-delicious,5,14,218611,90560,80796,7736,2028
inf-roadNet-CA,soc-delicious,5,15,307539,88928,81824,5245,1859
inf-roadNet-CA,soc-delicious,5,16,375261,67722,64081,2275,1366
inf-roadNet-CA,soc-delicious,5,17,417528,42267,41244,575,448
inf-roadNet-CA,soc-delicious,5,18,441770,24242,24049,95,98
inf-roadNet-CA,soc-delicious,5,19,456859,15089,15069,9,11
inf-roadNet-CA,soc-delicious,5,20,467947,11088,11079,5,4
inf-roadNet-CA,soc-delicious,5,21,476856,8909,8908,1,0
inf-roadNet-CA,soc-delicious,5,22,484768,7912,7911,1,0
inf-roadNet-CA,soc-delicious,5,23,491898,7130,7130,0,0
inf-roadNet-CA,soc-delicious,5,24,498509,6611,6611,0,0
inf-roadNet-CA,soc-delicious,5,25,504618,6109,6109,0,0
inf-roadNet-CA,soc-delicious,5,26,510063,5445,5445,0,0
inf-roadNet-CA,soc-delicious,5,27,514808,4745,4745,0,0
inf-roadNet-CA,soc-delicious,5,28,518890,4082,4082,0,0
inf-roadNet-CA,soc-delicious,5,29,522462,3572,3572,0,0
inf-roadNet-CA,soc-delicious,5,30,525427,2965,2965,0,0
inf-roadNet-CA,soc-delicious,5,31,527804,2377,2377,0,0
inf-roadNet-CA,soc-delicious,5,32,529812,2008,2008,0,0
inf-roadNet-CA,soc-delicious,5,33,531452,1640,1640,0,0
inf-roadNet-CA,soc-delicious,5,34,532624,1172,1172,0,0
inf-roadNet-CA,soc-delicious,5,35,533575,951,951,0,0
inf-roadNet-CA,soc-delicious,5,36,534360,785,785,0,0
inf-roadNet-CA,soc-delicious,5,37,534984,624,624,0,0
inf-roadNet-CA,soc-delicious,5,38,535520,536,536,0,0
inf-roadNet-CA,soc-delicious,5,39,535811,291,291,0,0
inf-roadNet-CA,soc-delicious,5,40,536017,206,206,0,0
inf-roadNet-CA,soc-delicious,5,41,536062,45,45,0,0
inf-roadNet-CA,soc-delicious,5,42,536108,46,46,0,0
inf-roadNet-CA,soc-youtube,7,0,1,1,1,0,0
inf-roadNet-CA,soc-youtube,7,1,2,1,1,0,0
inf-roadNet-CA,soc-youtube,7,2,4,2,2,0,0
inf-roadNet-CA,soc-youtube,7,3,8,4,4,0,0
inf-roadNet-CA,soc-youtube,7,4,12,4,4,0,0
inf-roadNet-CA,soc-youtube,7,5,18,6,6,0,0
inf-roadNet-CA,soc-youtube,7,6,23,5,5,0,0
inf-roadNet-CA,soc-youtube,7,7,30,7,7,0,0
inf-roadNet-CA,soc-youtube,7,8,35,5,5,0,0
inf-roadNet-CA,soc-youtube,7,9,40,5,5,0,0
inf-roadNet-CA,soc-youtube,7,10,45,5,5,0,0
inf-roadNet-CA,soc-youtube,7,11,56,11,11,0,0
inf-roadNet-CA,soc-youtube,7,12,67,11,10,1,0
inf-roadNet-CA,soc-youtube,7,13,84,17,17,0,0
inf-roadNet-CA,soc-youtube,7,14,106,22,21,1,0
inf-roadNet-CA,soc-youtube,7,15,138,32,32,0,0
inf-roadNet-CA,soc-youtube,7,16,192,54,50,4,0
inf-roadNet-CA,soc-youtube,7,17,271,79,75,4,0
inf-roadNet-CA,soc-youtube,7,18,398,127,114,12,1
inf-roadNet-CA,soc-youtube,7,19,855,457,170,283,4
inf-roadNet-CA,soc-youtube,7,20,5879,5024,830,4074,120
inf-roadNet-CA,soc-youtube,7,21,28615,22736,8039,13283,1414
inf-roadNet-CA,soc-youtube,7,22,80770,52155,29693,19194,3268
inf-roadNet-CA,soc-youtube,7,23,152813,72043,59094,10257,2692
inf-roadNet-CA,soc-youtube,7,24,226826,74013,68971,3842,1200
inf-roadNet-CA,soc-youtube,7,25,291812,64986,62766,1699,521
inf-roadNet-CA,soc-youtube,7,26,346785,54973,53815,875,283
inf-roadNet-CA,soc-youtube,7,27,392597,45812,45174,461,177
inf-roadNet-CA,soc-youtube,7,28,428579,35982,35589,288,105
inf-roadNet-CA,soc-youtube,7,29,455094,26515,26314,142,59
inf-roadNet-CA,soc-youtube,7,30,472805,17711,17613,69,29
inf-roadNet-CA,soc-youtube,7,31,483655,10850,10814,20,16
inf-roadNet-CA,soc-youtube,7,32,489776,6121,6113,4,4
inf-roadNet-CA,soc-youtube,7,33,492963,3187,3182,3,2
inf-roadNet-CA,soc-youtube,7,34,494551,1588,1587,1,0
inf-roadNet-CA,soc-youtube,7,35,495309,758,758,0,0
inf-roadNet-CA,soc-youtube,7,36,495653,344,344,0,0
inf-roadNet-CA,soc-youtube,7,37,495819,166,166,0,0
inf-roadNet-CA,soc-youtube,7,38,495898,79,79,0,0
inf-roadNet-CA,soc-youtube,7,39,495932,34,34,0,0
inf-roadNet-CA,soc-youtube,7,40,495945,13,13,0,0
inf-roadNet-CA,soc-youtube,7,41,495953,8,8,0,0
inf-roadNet-CA,soc-youtube,7,42,495957,4,4,0,0
inf-italy-osm,soc-google-plus,10,0,1,1,1,0,0
inf-italy-osm,soc-google-plus,10,1,3,2,2,0,0
inf-italy-osm,soc-google-plus,10,2,5,2,2,0,0
inf-italy-osm,soc-google-plus,10,3,7,2,2,0,0
inf-italy-osm,soc-google-plus,10,4,9,2,2,0,0
inf-italy-osm,soc-google-plus,10,5,11,2,2,0,0
inf-italy-osm,soc-google-plus,10,6,13,2,2,0,0
inf-italy-osm,soc-google-plus,10,7,15,2,2,0,0
inf-italy-osm,soc-google-plus,10,8,17,2,2,0,0
inf-italy-osm,soc-google-plus,10,9,19,2,2,0,0
inf-italy-osm,soc-google-plus,10,10,21,2,2,0,0
inf-italy-osm,soc-google-plus,10,11,23,2,2,0,0
inf-italy-osm,soc-google-plus,10,12,25,2,2,0,0
inf-italy-osm,soc-google-plus,10,13,27,2,2,0,0
inf-italy-osm,soc-google-plus,10,14,29,2,2,0,0
inf-italy-osm,soc-google-plus,10,15,31,2,2,0,0
inf-italy-osm,soc-google-plus,10,16,33,2,2,0,0
inf-italy-osm,soc-google-plus,10,17,35,2,2,0,0
inf-italy-osm,soc-google-plus,10,18,37,2,2,0,0
inf-italy-osm,soc-google-plus,10,19,39,2,2,0,0
inf-italy-osm,soc-google-plus,10,20,41,2,2,0,0
inf-italy-osm,soc-google-plus,10,21,43,2,2,0,0
inf-italy-osm,soc-google-plus,10,22,45,2,2,0,0
inf-italy-osm,soc-google-plus,10,23,48,3,3,0,0
inf-italy-osm,soc-google-plus,10,24,51,3,3,0,0
inf-italy-osm,soc-google-plus,10,25,54,3,3,0,0
inf-italy-osm,soc-google-plus,10,26,57,3,3,0,0
inf-italy-osm,soc-google-plus,10,27,60,3,3,0,0
inf-italy-osm,soc-google-plus,10,28,63,3,3,0,0
inf-italy-osm,soc-google-plus,10,29,66,3,3,0,0
inf-italy-osm,soc-google-plus,10,30,70,4,4,0,0
inf-italy-osm,soc-google-plus,10,31,74,4,4,0,0
inf-italy-osm,soc-google-plus,10,32,78,4,4,0,0
inf-italy-osm,soc-google-plus,10,33,82,4,4,0,0
inf-italy-osm,soc-google-plus,10,34,86,4,4,0,0
inf-italy-osm,soc-google-plus,10,35,90,4,4,0,0
inf-italy-osm,soc-google-plus,10,36,95,5,5,0,0
inf-italy-osm,soc-google-plus,10,37,99,4,4,0,0
inf-italy-osm,soc-google-plus,10,38,103,4,4,0,0
inf-italy-osm,soc-google-plus,10,39,108,5,5,0,0
inf-italy-osm,soc-google-plus,10,40,113,5,5,0,0
inf-italy-osm,soc-google-plus,10,41,118,5,5,0,0
inf-italy-osm,soc-google-plus,10,42,122,4,4,0,0
inf-italy-osm,soc-google-plus,10,43,125,3,3,0,0
inf-italy-osm,soc-google-plus,10,44,128,3,3,0,0
inf-italy-osm,soc-google-plus,10,45,132,4,4,0,0
inf-italy-osm,soc-google-plus,10,46,136,4,4,0,0
inf-italy-osm,soc-google-plus,10,47,140,4,4,0,0
inf-italy-osm,soc-google-plus,10,48,144,4,4,0,0
inf-italy-osm,soc-google-plus,10,49,148,4,4,0,0
inf-italy-osm,soc-google-plus,10,50,152,4,4,0,0
inf-italy-osm,soc-google-plus,10,51,156,4,4,0,0
inf-italy-osm,soc-google-plus,10,52,161,5,5,0,0
inf-italy-osm,soc-google-plus,10,53,167,6,6,0,0
inf-italy-osm,soc-google-plus,10,54,174,7,7,0,0
inf-italy-osm,soc-google-plus,10,55,181,7,7,0,0
inf-italy-osm,soc-google-plus,10,56,189,8,8,0,0
inf-italy-osm,soc-google-plus,10,57,197,8,8,0,0
inf-italy-osm,soc-google-plus,10,58,205,8,8,0,0
inf-italy-osm,soc-google-plus,10,59,214,9,9,0,0
inf-italy-osm,soc-google-plus,10,60,223,9,9,0,0
inf-italy-osm,soc-google-plus,10,61,233,10,10,0,0
inf-italy-osm,soc-google-plus,10,62,242,9,9,0,0
inf-italy-osm,soc-google-plus,10,63,251,9,9,0,0
inf-italy-osm,soc-google-plus,10,64,260,9,9,0,0
inf-italy-osm,soc-google-plus,10,65,268,8,8,0,0
inf-italy-osm,soc-google-plus,10,66,277,9,9,0,0
inf-italy-osm,soc-google-plus,10,67,285,8,8,0,0
inf-italy-osm,soc-google-plus,10,68,293,8,8,0,0
inf-italy-osm,soc-google-plus,10,69,300,7,7,0,0
inf-italy-osm,soc-google-plus,10,70,307,7,7,0,0
inf-italy-osm,soc-google-plus,10,71,314,7,7,0,0
inf-italy-osm,soc-google-plus,10,72,321,7,7,0,0
inf-italy-osm,soc-google-plus,10,73,328,7,7,0,0
inf-italy-osm,soc-google-plus,10,74,335,7,7,0,0
inf-italy-osm,soc-google-plus,10,75,343,8,8,0,0
inf-italy-osm,soc-google-plus,10,76,350,7,7,0,0
inf-italy-osm,soc-google-plus,10,77,358,8,8,0,0
inf-italy-osm,soc-google-plus,10,78,367,9,9,0,0
inf-italy-osm,soc-google-plus,10,79,376,9,9,0,0
inf-italy-osm,soc-google-plus,10,80,385,9,9,0,0
inf-italy-osm,soc-google-plus,10,81,395,10,10,0,0
inf-italy-osm,soc-google-plus,10,82,405,10,10,0,0
inf-italy-osm,soc-google-plus,10,83,415,10,10,0,0
inf-italy-osm,soc-google-plus,10,84,425,10,10,0,0
inf-italy-osm,soc-google-plus,10,85,436,11,11,0,0
inf-italy-osm,soc-google-plus,10,86,447,11,11,0,0
inf-italy-osm,soc-google-plus,10,87,459,12,12,0,0
inf-italy-osm,soc-google-plus,10,88,471,12,12,0,0
inf-italy-osm,soc-google-plus,10,89,481,10,10,0,0
inf-italy-osm,soc-google-plus,10,90,489,8,8,0,0
inf-italy-osm,soc-google-plus,10,91,497,8,8,0,0
inf-italy-osm,soc-google-plus,10,92,505,8,8,0,0
inf-italy-osm,soc-google-plus,10,93,513,8,8,0,0
inf-italy-osm,soc-google-plus,10,94,520,7,7,0,0
inf-italy-osm,soc-google-plus,10,95,527,7,7,0,0
inf-italy-osm,soc-google-plus,10,96,534,7,7,0,0
inf-italy-osm,soc-google-plus,10,97,542,8,8,0,0
inf-italy-osm,soc-google-plus,10,98,549,7,7,0,0
inf-italy-osm,soc-google-plus,10,99,556,7,7,0,0
inf-italy-osm,soc-google-plus,10,100,562,6,6,0,0
inf-italy-osm,soc-google-plus,10,101,567,5,5,0,0
inf-italy-osm,soc-google-plus,10,102,572,5,5,0,0
inf-italy-osm,soc-google-plus,10,103,578,6,6,0,0
inf-italy-osm,soc-google-plus,10,104,584,6,6,0,0
inf-italy-osm,soc-google-plus,10,105,592,8,8,0,0
inf-italy-osm,soc-google-plus,10,106,600,8,8,0,0
inf-italy-osm,soc-google-plus,10,107,608,8,8,0,0
inf-italy-osm,soc-google-plus,10,108,618,10,10,0,0
inf-italy-osm,soc-google-plus,10,109,629,11,11,0,0
inf-italy-osm,soc-google-plus,10,110,640,11,11,0,0
inf-italy-osm,soc-google-plus,10,111,651,11,11,0,0
inf-italy-osm,soc-google-plus,10,112,662,11,11,0,0
inf-italy-osm,soc-google-plus,10,113,673,11,11,0,0
inf-italy-osm,soc-google-plus,10,114,683,10,10,0,0
inf-italy-osm,soc-google-plus,10,115,693,10,10,0,0
inf-italy-osm,soc-google-plus,10,116,705,12,12,0,0
inf-italy-osm,soc-google-plus,10,117,717,12,12,0,0
inf-italy-osm,soc-google-plus,10,118,729,12,12,0,0
inf-italy-osm,soc-google-plus,10,119,742,13,13,0,0
inf-italy-osm,soc-google-plus,10,120,756,14,14,0,0
inf-italy-osm,soc-google-plus,10,121,772,16,16,0,0
inf-italy-osm,soc-google-plus,10,122,789,17,17,0,0
inf-italy-osm,soc-google-plus,10,123,807,18,18,0,0
inf-italy-osm,soc-google-plus,10,124,823,16,16,0,0
inf-italy-osm,soc-google-plus,10,125,841,18,18,0,0
inf-italy-osm,soc-google-plus,10,126,859,18,18,0,0
inf-italy-osm,soc-google-plus,10,127,880,21,21,0,0
inf-italy-osm,soc-google-plus,10,128,902,22,22,0,0
inf-italy-osm,soc-google-plus,10,129,926,24,24,0,0
inf-italy-osm,soc-google-plus,10,130,950,24,24,0,0
inf-italy-osm,soc-google-plus,10,131,974,24,24,0,0
inf-italy-osm,soc-google-plus,10,132,997,23,23,0,0
inf-italy-osm,soc-google-plus,10,133,1019,22,22,0,0
inf-italy-osm,soc-google-plus,10,134,1042,23,23,0,0
inf-italy-osm,soc-google-plus,10,135,1063,21,21,0,0
inf-italy-osm,soc-google-plus,10,136,1087,24,24,0,0
inf-italy-osm,soc-google-plus,10,137,1109,22,22,0,0
inf-italy-osm,soc-google-plus,10,138,1131,22,22,0,0
inf-italy-osm,soc-google-plus,10,139,1152,21,21,0,0
inf-italy-osm,soc-google-plus,10,140,1171,19,19,0,0
inf-italy-osm,soc-google-plus,10,141,1191,20,19,1,0
inf-italy-osm,soc-google-plus,10,142,1213,22,22,0,0
inf-italy-osm,soc-google-plus,10,143,1234,21,20,1,0
inf-italy-osm,soc-google-plus,10,144,1258,24,24,0,0
inf-italy-osm,soc-google-plus,10,145,1283,25,25,0,0
inf-italy-osm,soc-google-plus,10,146,1308,25,25,0,0
inf-italy-osm,soc-google-plus,10,147,1334,26,26,0,0
inf-italy-osm,soc-google-plus,10,148,1358,24,24,0,0
inf-italy-osm,soc-google-plus,10,149,1381,23,21,2,0
inf-italy-osm,soc-google-plus,10,150,1414,33,26,7,0
inf-italy-osm,soc-google-plus,10,151,1653,239,40,199,0
inf-italy-osm,soc-google-plus,10,152,3807,2154,439,1712,3
inf-italy-osm,soc-google-plus,10,153,8683,4876,3958,905,13
inf-italy-osm,soc-google-plus,10,154,16314,7631,6124,1485,22
inf-italy-osm,soc-google-plus,10,155,31325,15011,9382,5518,111
inf-italy-osm,soc-google-plus,10,156,56790,25465,19501,5586,378
inf-italy-osm,soc-google-plus,10,157,88622,31832,27535,3830,467
inf-italy-osm,soc-google-plus,10,158,120030,31408,29178,1930,300
inf-italy-osm,soc-google-plus,10,159,146542,26512,25422,895,195
inf-italy-osm,soc-google-plus,10,160,166648,20106,19676,350,80
inf-italy-osm,soc-google-plus,10,161,180993,14345,14128,183,34
inf-italy-osm,soc-google-plus,10,162,190793,9800,9725,58,17
inf-italy-osm,soc-google-plus,10,163,197438,6645,6615,22,8
inf-italy-osm,soc-google-plus,10,164,201860,4422,4405,12,5
inf-italy-osm,soc-google-plus,10,165,204844,2984,2979,3,2
inf-italy-osm,soc-google-plus,10,166,206857,2013,2011,2,0
inf-italy-osm,soc-google-plus,10,167,208157,1300,1299,1,0
inf-italy-osm,soc-google-plus,10,168,209041,884,883,1,0
inf-italy-osm,soc-google-plus,10,169,209656,615,614,1,0
inf-italy-osm,soc-google-plus,10,170,210089,433,432,1,0
inf-italy-osm,soc-google-plus,10,171,210403,314,314,0,0
inf-italy-osm,soc-google-plus,10,172,210623,220,220,0,0
inf-italy-osm,soc-google-plus,10,173,210784,161,161,0,0
inf-italy-osm,soc-google-plus,10,174,210892,108,108,0,0
inf-italy-osm,soc-google-plus,10,175,210964,72,72,0,0
inf-italy-osm,soc-google-plus,10,176,211014,50,50,0,0
inf-italy-osm,soc-google-plus,10,177,211049,35,35,0,0
inf-italy-osm,soc-google-plus,10,178,211078,29,29,0,0
inf-italy-osm,soc-google-plus,10,179,211097,19,19,0,0
inf-italy-osm,soc-google-plus,10,180,211112,15,15,0,0
inf-italy-osm,soc-google-plus,10,181,211126,14,14,0,0
inf-italy-osm,soc-google-plus,10,182,211139,13,13,0,0
inf-italy-osm,soc-google-plus,10,183,211149,10,10,0,0
inf-italy-osm,soc-google-plus,10,184,211156,7,7,0,0
inf-italy-osm,soc-google-plus,10,185,211162,6,6,0,0
inf-italy-osm,soc-google-plus,10,186,211168,6,6,0,0
inf-italy-osm,soc-google-plus,10,187,211172,4,4,0,0
inf-italy-osm,soc-google-plus,10,188,211174,2,2,0,0
inf-italy-osm,soc-google-plus,10,189,211175,1,1,0,0
inf-italy-osm,soc-google-plus,10,190,211176,1,1,0,0
inf-italy-osm,soc-google-plus,10,191,211177,1,1,0,0
inf-italy-osm,soc-google-plus,10,192,211178,1,1,0,0
inf-italy-osm,soc-google-plus,10,193,211179,1,1,0,0
inf-italy-osm,soc-google-plus,10,194,211180,1,1,0,0
inf-italy-osm,soc-google-plus,10,195,211181,1,1,0,0
inf-italy-osm,soc-google-plus,10,196,211182,1,1,0,0
inf-italy-osm,soc-google-plus,10,197,211183,1,1,0,0
inf-italy-osm,soc-google-plus,10,198,211184,1,1,0,0
inf-italy-osm,soc-google-plus,10,199,211185,1,1,0,0
inf-italy-osm,soc-google-plus,10,200,211186,1,1,0,0
inf-italy-osm,soc-google-plus,10,201,211187,1,1,0,0
inf-italy-osm,soc-twitter-follows,3,0,1,1,1,0,0
inf-italy-osm,soc-twitter-follows,3,1,3,2,2,0,0
inf-italy-osm,soc-twitter-follows,3,2,5,2,2,0,0
inf-italy-osm,soc-twitter-follows,3,3,7,2,2,0,0
inf-italy-osm,soc-twitter-follows,3,4,9,2,2,0,0
inf-italy-osm,soc-twitter-follows,3,5,11,2,2,0,0
inf-italy-osm,soc-twitter-follows,3,6,13,2,2,0,0
inf-italy-osm,soc-twitter-follows,3,7,15,2,2,0,0
inf-italy-osm,soc-twitter-follows,3,8,17,2,2,0,0
inf-italy-osm,soc-twitter-follows,3,9,19,2,2,0,0
inf-italy-osm,soc-twitter-follows,3,10,21,2,2,0,0
inf-italy-osm,soc-twitter-follows,3,11,23,2,2,0,0
inf-italy-osm,soc-twitter-follows,3,12,25,2,2,0,0
inf-italy-osm,soc-twitter-follows,3,13,27,2,2,0,0
inf-italy-osm,soc-twitter-follows,3,14,29,2,2,0,0
inf-italy-osm,soc-twitter-follows,3,15,31,2,2,0,0
inf-italy-osm,soc-twitter-follows,3,16,33,2,2,0,0
inf-italy-osm,soc-twitter-follows,3,17,35,2,2,0,0
inf-italy-osm,soc-twitter-follows,3,18,37,2,2,0,0
inf-italy-osm,soc-twitter-follows,3,19,39,2,2,0,0
inf-italy-osm,soc-twitter-follows,3,20,41,2,2,0,0
inf-italy-osm,soc-twitter-follows,3,21,43,2,2,0,0
inf-italy-osm,soc-twitter-follows,3,22,45,2,2,0,0
inf-italy-osm,soc-twitter-follows,3,23,47,2,2,0,0
inf-italy-osm,soc-twitter-follows,3,24,49,2,2,0,0
inf-italy-osm,soc-twitter-follows,3,25,51,2,2,0,0
inf-italy-osm,soc-twitter-follows,3,26,54,3,3,0,0
inf-italy-osm,soc-twitter-follows,3,27,57,3,3,0,0
inf-italy-osm,soc-twitter-follows,3,28,60,3,3,0,0
inf-italy-osm,soc-twitter-follows,3,29,63,3,3,0,0
inf-italy-osm,soc-twitter-follows,3,30,66,3,3,0,0
inf-italy-osm,soc-twitter-follows,3,31,69,3,3,0,0
inf-italy-osm,soc-twitter-follows,3,32,74,5,5,0,0
inf-italy-osm,soc-twitter-follows,3,33,78,4,4,0,0
inf-italy-osm,soc-twitter-follows,3,34,82,4,4,0,0
inf-italy-osm,soc-twitter-follows,3,35,86,4,4,0,0
inf-italy-osm,soc-twitter-follows,3,36,90,4,4,0,0
inf-italy-osm,soc-twitter-follows,3,37,94,4,4,0,0
inf-italy-osm,soc-twitter-follows,3,38,98,4,4,0,0
inf-italy-osm,soc-twitter-follows,3,39,102,4,4,0,0
inf-italy-osm,soc-twitter-follows,3,40,106,4,4,0,0
inf-italy-osm,soc-twitter-follows,3,41,110,4,4,0,0
inf-italy-osm,soc-twitter-follows,3,42,114,4,4,0,0
inf-italy-osm,soc-twitter-follows,3,43,117,3,3,0,0
inf-italy-osm,soc-twitter-follows,3,44,120,3,3,0,0
inf-italy-osm,soc-twitter-follows,3,45,123,3,3,0,0
inf-italy-osm,soc-twitter-follows,3,46,126,3,3,0,0
inf-italy-osm,soc-twitter-follows,3,47,130,4,4,0,0
inf-italy-osm,soc-twitter-follows,3,48,134,4,4,0,0
inf-italy-osm,soc-twitter-follows,3,49,139,5,5,0,0
inf-italy-osm,soc-twitter-follows,3,50,144,5,5,0,0
inf-italy-osm,soc-twitter-follows,3,51,149,5,5,0,0
inf-italy-osm,soc-twitter-follows,3,52,154,5,5,0,0
inf-italy-osm,soc-twitter-follows,3,53,159,5,5,0,0
inf-italy-osm,soc-twitter-follows,3,54,166,7,7,0,0
inf-italy-osm,soc-twitter-follows,3,55,174,8,8,0,0
inf-italy-osm,soc-twitter-follows,3,56,181,7,7,0,0
inf-italy-osm,soc-twitter-follows,3,57,187,6,6,0,0
inf-italy-osm,soc-twitter-follows,3,58,194,7,6,1,0
inf-italy-osm,soc-twitter-follows,3,59,203,9,9,0,0
inf-italy-osm,soc-twitter-follows,3,60,210,7,7,0,0
inf-italy-osm,soc-twitter-follows,3,61,219,9,9,0,0
inf-italy-osm,soc-twitter-follows,3,62,230,11,11,0,0
inf-italy-osm,soc-twitter-follows,3,63,242,12,12,0,0
inf-italy-osm,soc-twitter-follows,3,64,259,17,17,0,0
inf-italy-osm,soc-twitter-follows,3,65,278,19,18,1,0
inf-italy-osm,soc-twitter-follows,3,66,299,21,21,0,0
inf-italy-osm,soc-twitter-follows,3,67,321,22,19,3,0
inf-italy-osm,soc-twitter-follows,3,68,350,29,29,0,0
inf-italy-osm,soc-twitter-follows,3,69,388,38,36,2,0
inf-italy-osm,soc-twitter-follows,3,70,440,52,47,5,0
inf-italy-osm,soc-twitter-follows,3,71,514,74,61,13,0
inf-italy-osm,soc-twitter-follows,3,72,678,164,104,60,0
inf-italy-osm,soc-twitter-follows,3,73,1469,791,251,540,0
inf-italy-osm,soc-twitter-follows,3,74,13792,12323,1387,10916,20
inf-italy-osm,soc-twitter-follows,3,75,59132,45340,22483,22088,769
inf-italy-osm,soc-twitter-follows,3,76,129779,70647,60976,8244,1427
inf-italy-osm,soc-twitter-follows,3,77,198278,68499,68146,282,71
inf-italy-osm,soc-twitter-follows,3,78,253260,54982,54964,14,4
inf-italy-osm,soc-twitter-follows,3,79,295068,41808,41807,1,0
inf-italy-osm,soc-twitter-follows,3,80,325784,30716,30716,0,0
inf-italy-osm,soc-twitter-follows,3,81,347758,21974,21974,0,0
inf-italy-osm,soc-twitter-follows,3,82,363460,15702,15702,0,0
inf-italy-osm,soc-twitter-follows,3,83,374627,11167,11167,0,0
inf-italy-osm,soc-twitter-follows,3,84,382638,8011,8011,0,0
inf-italy-osm,soc-twitter-follows,3,85,388447,5809,5809,0,0
inf-italy-osm,soc-twitter-follows,3,86,392613,4166,4166,0,0
inf-italy-osm,soc-twitter-follows,3,87,395612,2999,2999,0,0
inf-italy-osm,soc-twitter-follows,3,88,397795,2183,2183,0,0
inf-italy-osm,soc-twitter-follows,3,89,399426,1631,1631,0,0
inf-italy-osm,soc-twitter-follows,3,90,400668,1242,1242,0,0
inf-italy-osm,soc-twitter-follows,3,91,401597,929,929,0,0
inf-italy-osm,soc-twitter-follows,3,92,402290,693,693,0,0
inf-italy-osm,soc-twitter-follows,3,93,402808,518,518,0,0
inf-italy-osm,soc-twitter-follows,3,94,403219,411,411,0,0
inf-italy-osm,soc-twitter-follows,3,95,403535,316,316,0,0
inf-italy-osm,soc-twitter-follows,3,96,403775,240,240,0,0
inf-italy-osm,soc-twitter-follows,3,97,403966,191,191,0,0
inf-italy-osm,soc-twitter-follows,3,98,404120,154,154,0,0
inf-italy-osm,soc-twitter-follows,3,99,404240,120,120,0,0
inf-italy-osm,soc-twitter-follows,3,100,404334,94,94,0,0
inf-italy-osm,soc-twitter-follows,3,101,404406,72,72,0,0
inf-italy-osm,soc-twitter-follows,3,102,404457,51,51,0,0
inf-italy-osm,soc-twitter-follows,3,103,404498,41,41,0,0
inf-italy-osm,soc-twitter-follows,3,104,404531,33,33,0,0
inf-italy-osm,soc-twitter-follows,3,105,404555,24,24,0,0
inf-italy-osm,soc-twitter-follows,3,106,404576,21,21,0,0
inf-italy-osm,soc-twitter-follows,3,107,404595,19,19,0,0
inf-italy-osm,soc-twitter-follows,3,108,404609,14,14,0,0
inf-italy-osm,soc-twitter-follows,3,109,404622,13,13,0,0
inf-italy-osm,soc-twitter-follows,3,110,404632,10,10,0,0
inf-italy-osm,soc-twitter-follows,3,111,404642,10,10,0,0
inf-italy-osm,soc-twitter-follows,3,112,404652,10,10,0,0
inf-italy-osm,soc-twitter-follows,3,113,404660,8,8,0,0
inf-italy-osm,soc-twitter-follows,3,114,404668,8,8,0,0
inf-italy-osm,soc-twitter-follows,3,115,404676,8,8,0,0
inf-italy-osm,soc-twitter-follows,3,116,404683,7,7,0,0
inf-italy-osm,soc-twitter-follows,3,117,404690,7,7,0,0
inf-italy-osm,soc-twitter-follows,3,118,404695,5,5,0,0
inf-italy-osm,soc-twitter-follows,3,119,404700,5,5,0,0
inf-italy-osm,soc-twitter-follows,3,120,404705,5,5,0,0
inf-italy-osm,soc-twitter-follows,3,121,404710,5,5,0,0
inf-italy-osm,soc-twitter-follows,3,122,404714,4,4,0,0
inf-italy-osm,soc-twitter-follows,3,123,404717,3,3,0,0
inf-italy-osm,soc-twitter-follows,3,124,404718,1,1,0,0
inf-italy-osm,soc-twitter-follows,3,125,404719,1,1,0,0
inf-italy-osm,soc-delicious,5,0,1,1,1,0,0
inf-italy-osm,soc-delicious,5,1,3,2,2,0,0
inf-italy-osm,soc-delicious,5,2,5,2,2,0,0
inf-italy-osm,soc-delicious,5,3,7,2,2,0,0
inf-italy-osm,soc-delicious,5,4,9,2,2,0,0
inf-italy-osm,soc-delicious,5,5,11,2,2,0,0
inf-italy-osm,soc-delicious,5,6,13,2,2,0,0
inf-italy-osm,soc-delicious,5,7,15,2,2,0,0
inf-italy-osm,soc-delicious,5,8,17,2,2,0,0
inf-italy-osm,soc-delicious,5,9,19,2,2,0,0
inf-italy-osm,soc-delicious,5,10,21,2,2,0,0
inf-italy-osm,soc-delicious,5,11,23,2,2,0,0
inf-italy-osm,soc-delicious,5,12,25,2,2,0,0
inf-italy-osm,soc-delicious,5,13,27,2,2,0,0
inf-italy-osm,soc-delicious,5,14,29,2,2,0,0
inf-italy-osm,soc-delicious,5,15,32,3,3,0,0
inf-italy-osm,soc-delicious,5,16,35,3,3,0,0
inf-italy-osm,soc-delicious,5,17,38,3,3,0,0
inf-italy-osm,soc-delicious,5,18,41,3,3,0,0
inf-italy-osm,soc-delicious,5,19,45,4,4,0,0
inf-italy-osm,soc-delicious,5,20,49,4,4,0,0
inf-italy-osm,soc-delicious,5,21,53,4,4,0,0
inf-italy-osm,soc-delicious,5,22,57,4,4,0,0
inf-italy-osm,soc-delicious,5,23,61,4,4,0,0
inf-italy-osm,soc-delicious,5,24,65,4,4,0,0
inf-italy-osm,soc-delicious,5,25,69,4,4,0,0
inf-italy-osm,soc-delicious,5,26,73,4,4,0,0
inf-italy-osm,soc-delicious,5,27,77,4,4,0,0
inf-italy-osm,soc-delicious,5,28,81,4,4,0,0
inf-italy-osm,soc-delicious,5,29,85,4,4,0,0
inf-italy-osm,soc-delicious,5,30,89,4,4,0,0
inf-italy-osm,soc-delicious,5,31,93,4,4,0,0
inf-italy-osm,soc-delicious,5,32,97,4,4,0,0
inf-italy-osm,soc-delicious,5,33,101,4,4,0,0
inf-italy-osm,soc-delicious,5,34,105,4,4,0,0
inf-italy-osm,soc-delicious,5,35,110,5,5,0,0
inf-italy-osm,soc-delicious,5,36,115,5,5,0,0
inf-italy-osm,soc-delicious,5,37,121,6,6,0,0
inf-italy-osm,soc-delicious,5,38,127,6,6,0,0
inf-italy-osm,soc-delicious,5,39,133,6,6,0,0
inf-italy-osm,soc-delicious,5,40,141,8,8,0,0
inf-italy-osm,soc-delicious,5,41,148,7,6,1,0
inf-italy-osm,soc-delicious,5,42,155,7,7,0,0
inf-italy-osm,soc-delicious,5,43,163,8,8,0,0
inf-italy-osm,soc-delicious,5,44,171,8,8,0,0
inf-italy-osm,soc-delicious,5,45,179,8,8,0,0
inf-italy-osm,soc-delicious,5,46,188,9,8,1,0
inf-italy-osm,soc-delicious,5,47,199,11,11,0,0
inf-italy-osm,soc-delicious,5,48,210,11,11,0,0
inf-italy-osm,soc-delicious,5,49,222,12,12,0,0
inf-italy-osm,soc-delicious,5,50,236,14,13,1,0
inf-italy-osm,soc-delicious,5,51,256,20,19,1,0
inf-italy-osm,soc-delicious,5,52,277,21,21,0,0
inf-italy-osm,soc-delicious,5,53,302,25,24,1,0
inf-italy-osm,soc-delicious,5,54,341,39,31,8,0
inf-italy-osm,soc-delicious,5,55,428,87,49,38,0
inf-italy-osm,soc-delicious,5,56,1276,848,136,708,4
inf-italy-osm,soc-delicious,5,57,5214,3938,829,3074,35
inf-italy-osm,soc-delicious,5,58,22835,17621,6184,10915,522
inf-italy-osm,soc-delicious,5,59,62595,39760,22379,15783,1598
inf-italy-osm,soc-delicious,5,60,119001,56406,43563,11441,1402
inf-italy-osm,soc-delicious,5,61,181717,62716,54337,7303,1076
inf-italy-osm,soc-delicious,5,62,243140,61423,54717,5818,888
inf-italy-osm,soc-delicious,5,63,298786,55646,50287,4419,940
inf-italy-osm,soc-delicious,5,64,343772,44986,42215,2123,648
inf-italy-osm,soc-delicious,5,65,376645,32873,31849,747,277
inf-italy-osm,soc-delicious,5,66,399713,23068,22683,279,106
inf-italy-osm,soc-delicious,5,67,416280,16567,16448,84,35
inf-italy-osm,soc-delicious,5,68,428682,12402,12345,48,9
inf-italy-osm,soc-delicious,5,69,438233,9551,9521,25,5
inf-italy-osm,soc-delicious,5,70,445904,7671,7657,11,3
inf-italy-osm,soc-delicious,5,71,452339,6435,6429,5,1
inf-italy-osm,soc-delicious,5,72,457877,5538,5534,1,3
inf-italy-osm,soc-delicious,5,73,462719,4842,4839,2,1
inf-italy-osm,soc-delicious,5,74,467074,4355,4353,2,0
inf-italy-osm,soc-delicious,5,75,471079,4005,4005,0,0
inf-italy-osm,soc-delicious,5,76,474808,3729,3729,0,0
inf-italy-osm,soc-delicious,5,77,478277,3469,3469,0,0
inf-italy-osm,soc-delicious,5,78,481491,3214,3214,0,0
inf-italy-osm,soc-delicious,5,79,484563,3072,3072,0,0
inf-italy-osm,soc-delicious,5,80,487494,2931,2931,0,0
inf-italy-osm,soc-delicious,5,81,490317,2823,2823,0,0
inf-italy-osm,soc-delicious,5,82,492996,2679,2679,0,0
inf-italy-osm,soc-delicious,5,83,495605,2609,2609,0,0
inf-italy-osm,soc-delicious,5,84,498062,2457,2457,0,0
inf-italy-osm,soc-delicious,5,85,500431,2369,2369,0,0
inf-italy-osm,soc-delicious,5,86,502739,2308,2308,0,0
inf-italy-osm,soc-delicious,5,87,504968,2229,2229,0,0
inf-italy-osm,soc-delicious,5,88,507073,2105,2105,0,0
inf-italy-osm,soc-delicious,5,89,509066,1993,1993,0,0
inf-italy-osm,soc-delicious,5,90,510884,1818,1818,0,0
inf-italy-osm,soc-delicious,5,91,512602,1718,1718,0,0
inf-italy-osm,soc-delicious,5,92,514227,1625,1625,0,0
inf-italy-osm,soc-delicious,5,93,515773,1546,1546,0,0
inf-italy-osm,soc-delicious,5,94,517243,1470,1470,0,0
inf-italy-osm,soc-delicious,5,95,518677,1434,1434,0,0
inf-italy-osm,soc-delicious,5,96,520049,1372,1372,0,0
inf-italy-osm,soc-delicious,5,97,521366,1317,1317,0,0
inf-italy-osm,soc-delicious,5,98,522608,1242,1242,0,0
inf-italy-osm,soc-delicious,5,99,523803,1195,1195,0,0
inf-italy-osm,soc-delicious,5,100,524886,1083,1083,0,0
inf-italy-osm,soc-delicious,5,101,525854,968,968,0,0
inf-italy-osm,soc-delicious,5,102,526761,907,907,0,0
inf-italy-osm,soc-delicious,5,103,527606,845,845,0,0
inf-italy-osm,soc-delicious,5,104,528372,766,766,0,0
inf-italy-osm,soc-delicious,5,105,529101,729,729,0,0
inf-italy-osm,soc-delicious,5,106,529793,692,692,0,0
inf-italy-osm,soc-delicious,5,107,530461,668,668,0,0
inf-italy-osm,soc-delicious,5,108,531087,626,626,0,0
inf-italy-osm,soc-delicious,5,109,531678,591,591,0,0
inf-italy-osm,soc-delicious,5,110,532175,497,497,0,0
inf-italy-osm,soc-delicious,5,111,532633,458,458,0,0
inf-italy-osm,soc-delicious,5,112,533059,426,426,0,0
inf-italy-osm,soc-delicious,5,113,533414,355,355,0,0
inf-italy-osm,soc-delicious,5,114,533707,293,293,0,0
inf-italy-osm,soc-delicious,5,115,533964,257,257,0,0
inf-italy-osm,soc-delicious,5,116,534228,264,264,0,0
inf-italy-osm,soc-delicious,5,117,534458,230,230,0,0
inf-italy-osm,soc-delicious,5,118,534682,224,224,0,0
inf-italy-osm,soc-delicious,5,119,534888,206,206,0,0
inf-italy-osm,soc-delicious,5,120,535068,180,180,0,0
inf-italy-osm,soc-delicious,5,121,535213,145,145,0,0
inf-italy-osm,soc-delicious,5,122,535350,137,137,0,0
inf-italy-osm,soc-delicious,5,123,535465,115,115,0,0
inf-italy-osm,soc-delicious,5,124,535534,69,69,0,0
inf-italy-osm,soc-delicious,5,125,535599,65,65,0,0
inf-italy-osm,soc-delicious,5,126,535663,64,64,0,0
inf-italy-osm,soc-delicious,5,127,535722,59,59,0,0
inf-italy-osm,soc-delicious,5,128,535776,54,54,0,0
inf-italy-osm,soc-delicious,5,129,535822,46,46,0,0
inf-italy-osm,soc-delicious,5,130,535859,37,37,0,0
inf-italy-osm,soc-delicious,5,131,535881,22,22,0,0
inf-italy-osm,soc-delicious,5,132,535901,20,20,0,0
inf-italy-osm,soc-delicious,5,133,535921,20,20,0,0
inf-italy-osm,soc-delicious,5,134,535942,21,21,0,0
inf-italy-osm,soc-delicious,5,135,535963,21,21,0,0
inf-italy-osm,soc-delicious,5,136,535984,21,21,0,0
inf-italy-osm,soc-delicious,5,137,535997,13,13,0,0
inf-italy-osm,soc-delicious,5,138,536008,11,11,0,0
inf-italy-osm,soc-delicious,5,139,536019,11,11,0,0
inf-italy-osm,soc-delicious,5,140,536030,11,11,0,0
inf-italy-osm,soc-delicious,5,141,536041,11,11,0,0
inf-italy-osm,soc-delicious,5,142,536051,10,10,0,0
inf-italy-osm,soc-delicious,5,143,536062,11,11,0,0
inf-italy-osm,soc-delicious,5,144,536073,11,11,0,0
inf-italy-osm,soc-delicious,5,145,536080,7,7,0,0
inf-italy-osm,soc-delicious,5,146,536087,7,7,0,0
inf-italy-osm,soc-delicious,5,147,536090,3,3,0,0
inf-italy-osm,soc-delicious,5,148,536092,2,2,0,0
inf-italy-osm,soc-delicious,5,149,536094,2,2,0,0
inf-italy-osm,soc-delicious,5,150,536096,2,2,0,0
inf-italy-osm,soc-delicious,5,151,536098,2,2,0,0
inf-italy-osm,soc-delicious,5,152,536100,2,2,0,0
inf-italy-osm,soc-delicious,5,153,536102,2,2,0,0
inf-italy-osm,soc-delicious,5,154,536104,2,2,0,0
inf-italy-osm,soc-delicious,5,155,536106,2,2,0,0
inf-italy-osm,soc-delicious,5,156,536107,1,1,0,0
inf-italy-osm,soc-delicious,5,157,536108,1,1,0,0
inf-italy-osm,soc-youtube,7,0,1,1,1,0,0
inf-italy-osm,soc-youtube,7,1,3,2,2,0,0
inf-italy-osm,soc-youtube,7,2,5,2,2,0,0
inf-italy-osm,soc-youtube,7,3,7,2,2,0,0
inf-italy-osm,soc-youtube,7,4,9,2,2,0,0
inf-italy-osm,soc-youtube,7,5,11,2,2,0,0
inf-italy-osm,soc-youtube,7,6,13,2,2,0,0
inf-italy-osm,soc-youtube,7,7,15,2,2,0,0
inf-italy-osm,soc-youtube,7,8,17,2,2,0,0
inf-italy-osm,soc-youtube,7,9,19,2,2,0,0
inf-italy-osm,soc-youtube,7,10,21,2,2,0,0
inf-italy-osm,soc-youtube,7,11,23,2,2,0,0
inf-italy-osm,soc-youtube,7,12,25,2,2,0,0
inf-italy-osm,soc-youtube,7,13,27,2,2,0,0
inf-italy-osm,soc-youtube,7,14,29,2,2,0,0
inf-italy-osm,soc-youtube,7,15,31,2,2,0,0
inf-italy-osm,soc-youtube,7,16,33,2,2,0,0
inf-italy-osm,soc-youtube,7,17,35,2,2,0,0
inf-italy-osm,soc-youtube,7,18,37,2,2,0,0
inf-italy-osm,soc-youtube,7,19,39,2,2,0,0
inf-italy-osm,soc-youtube,7,20,41,2,2,0,0
inf-italy-osm,soc-youtube,7,21,43,2,2,0,0
inf-italy-osm,soc-youtube,7,22,45,2,2,0,0
inf-italy-osm,soc-youtube,7,23,47,2,2,0,0
inf-italy-osm,soc-youtube,7,24,49,2,2,0,0
inf-italy-osm,soc-youtube,7,25,51,2,2,0,0
inf-italy-osm,soc-youtube,7,26,53,2,2,0,0
inf-italy-osm,soc-youtube,7,27,55,2,2,0,0
inf-italy-osm,soc-youtube,7,28,57,2,2,0,0
inf-italy-osm,soc-youtube,7,29,59,2,2,0,0
inf-italy-osm,soc-youtube,7,30,61,2,2,0,0
inf-italy-osm,soc-youtube,7,31,63,2,2,0,0
inf-italy-osm,soc-youtube,7,32,65,2,2,0,0
inf-italy-osm,soc-youtube,7,33,67,2,2,0,0
inf-italy-osm,soc-youtube,7,34,69,2,2,0,0
inf-italy-osm,soc-youtube,7,35,71,2,2,0,0
inf-italy-osm,soc-youtube,7,36,73,2,2,0,0
inf-italy-osm,soc-youtube,7,37,75,2,2,0,0
inf-italy-osm,soc-youtube,7,38,77,2,2,0,0
inf-italy-osm,soc-youtube,7,39,79,2,2,0,0
inf-italy-osm,soc-youtube,7,40,81,2,2,0,0
inf-italy-osm,soc-youtube,7,41,83,2,2,0,0
inf-italy-osm,soc-youtube,7,42,85,2,2,0,0
inf-italy-osm,soc-youtube,7,43,87,2,2,0,0
inf-italy-osm,soc-youtube,7,44,89,2,2,0,0
inf-italy-osm,soc-youtube,7,45,91,2,2,0,0
inf-italy-osm,soc-youtube,7,46,93,2,2,0,0
inf-italy-osm,soc-youtube,7,47,95,2,2,0,0
inf-italy-osm,soc-youtube,7,48,97,2,2,0,0
inf-italy-osm,soc-youtube,7,49,100,3,3,0,0
inf-italy-osm,soc-youtube,7,50,103,3,3,0,0
inf-italy-osm,soc-youtube,7,51,106,3,3,0,0
inf-italy-osm,soc-youtube,7,52,110,4,4,0,0
inf-italy-osm,soc-youtube,7,53,114,4,4,0,0
inf-italy-osm,soc-youtube,7,54,117,3,3,0,0
inf-italy-osm,soc-youtube,7,55,120,3,3,0,0
inf-italy-osm,soc-youtube,7,56,123,3,3,0,0
inf-italy-osm,soc-youtube,7,57,126,3,3,0,0
inf-italy-osm,soc-youtube,7,58,129,3,3,0,0
inf-italy-osm,soc-youtube,7,59,132,3,3,0,0
inf-italy-osm,soc-youtube,7,60,135,3,3,0,0
inf-italy-osm,soc-youtube,7,61,138,3,3,0,0
inf-italy-osm,soc-youtube,7,62,141,3,3,0,0
inf-italy-osm,soc-youtube,7,63,145,4,4,0,0
inf-italy-osm,soc-youtube,7,64,149,4,4,0,0
inf-italy-osm,soc-youtube,7,65,154,5,5,0,0
inf-italy-osm,soc-youtube,7,66,159,5,4,1,0
inf-italy-osm,soc-youtube,7,67,165,6,6,0,0
inf-italy-osm,soc-youtube,7,68,173,8,8,0,0
inf-italy-osm,soc-youtube,7,69,181,8,8,0,0
inf-italy-osm,soc-youtube,7,70,190,9,9,0,0
inf-italy-osm,soc-youtube,7,71,199,9,9,0,0
inf-italy-osm,soc-youtube,7,72,210,11,11,0,0
inf-italy-osm,soc-youtube,7,73,221,11,11,0,0
inf-italy-osm,soc-youtube,7,74,235,14,14,0,0
inf-italy-osm,soc-youtube,7,75,252,17,16,1,0
inf-italy-osm,soc-youtube,7,76,269,17,17,0,0
inf-italy-osm,soc-youtube,7,77,288,19,17,2,0
inf-italy-osm,soc-youtube,7,78,315,27,21,6,0
inf-italy-osm,soc-youtube,7,79,403,88,33,55,0
inf-italy-osm,soc-youtube,7,80,2318,1915,125,1770,20
inf-italy-osm,soc-youtube,7,81,14003,11685,2637,8463,585
inf-italy-osm,soc-youtube,7,82,45021,31018,12939,16551,1528
inf-italy-osm,soc-youtube,7,83,96610,51589,31109,17534,2946
inf-italy-osm,soc-youtube,7,84,153267,56657,47155,8056,1446
inf-italy-osm,soc-youtube,7,85,203730,50463,46828,3093,542
inf-italy-osm,soc-youtube,7,86,245953,42223,40258,1685,280
inf-italy-osm,soc-youtube,7,87,281184,35231,34154,962,115
inf-italy-osm,soc-youtube,7,88,310630,29446,28823,549,74
inf-italy-osm,soc-youtube,7,89,335584,24954,24526,389,39
inf-italy-osm,soc-youtube,7,90,357010,21426,21072,322,32
inf-italy-osm,soc-youtube,7,91,375396,18386,18153,215,18
inf-italy-osm,soc-youtube,7,92,391351,15955,15767,169,19
inf-italy-osm,soc-youtube,7,93,405279,13928,13786,130,12
inf-italy-osm,soc-youtube,7,94,417428,12149,12037,107,5
inf-italy-osm,soc-youtube,7,95,428045,10617,10508,106,3
inf-italy-osm,soc-youtube,7,96,437299,9254,9167,82,5
inf-italy-osm,soc-youtube,7,97,445428,8129,8052,73,4
inf-italy-osm,soc-youtube,7,98,452463,7035,6968,65,2
inf-italy-osm,soc-youtube,7,99,458525,6062,6035,20,7
inf-italy-osm,soc-youtube,7,100,463753,5228,5196,28,4
inf-italy-osm,soc-youtube,7,101,468312,4559,4533,23,3
inf-italy-osm,soc-youtube,7,102,472200,3888,3863,22,3
inf-italy-osm,soc-youtube,7,103,475538,3338,3319,17,2
inf-italy-osm,soc-youtube,7,104,478383,2845,2835,9,1
inf-italy-osm,soc-youtube,7,105,480839,2456,2443,13,0
inf-italy-osm,soc-youtube,7,106,482948,2109,2106,2,1
inf-italy-osm,soc-youtube,7,107,484748,1800,1796,4,0
inf-italy-osm,soc-youtube,7,108,486281,1533,1527,6,0
inf-italy-osm,soc-youtube,7,109,487570,1289,1286,1,2
inf-italy-osm,soc-youtube,7,110,488671,1101,1099,2,0
inf-italy-osm,soc-youtube,7,111,489650,979,976,3,0
inf-italy-osm,soc-youtube,7,112,490473,823,823,0,0
inf-italy-osm,soc-youtube,7,113,491180,707,706,1,0
inf-italy-osm,soc-youtube,7,114,491798,618,616,2,0
inf-italy-osm,soc-youtube,7,115,492349,551,549,2,0
inf-italy-osm,soc-youtube,7,116,492806,457,456,1,0
inf-italy-osm,soc-youtube,7,117,493207,401,401,0,0
inf-italy-osm,soc-youtube,7,118,493566,359,359,0,0
inf-italy-osm,soc-youtube,7,119,493885,319,319,0,0
inf-italy-osm,soc-youtube,7,120,494164,279,279,0,0
inf-italy-osm,soc-youtube,7,121,494417,253,253,0,0
inf-italy-osm,soc-youtube,7,122,494647,230,230,0,0
inf-italy-osm,soc-youtube,7,123,494836,189,189,0,0
inf-italy-osm,soc-youtube,7,124,495001,165,165,0,0
inf-italy-osm,soc-youtube,7,125,495147,146,146,0,0
inf-italy-osm,soc-youtube,7,126,495276,129,129,0,0
inf-italy-osm,soc-youtube,7,127,495382,106,106,0,0
inf-italy-osm,soc-youtube,7,128,495462,80,80,0,0
inf-italy-osm,soc-youtube,7,129,495534,72,72,0,0
inf-italy-osm,soc-youtube,7,130,495594,60,60,0,0
inf-italy-osm,soc-youtube,7,131,495647,53,53,0,0
inf-italy-osm,soc-youtube,7,132,495694,47,47,0,0
inf-italy-osm,soc-youtube,7,133,495739,45,45,0,0
inf-italy-osm,soc-youtube,7,134,495772,33,33,0,0
inf-italy-osm,soc-youtube,7,135,495799,27,27,0,0
inf-italy-osm,soc-youtube,7,136,495821,22,22,0,0
inf-italy-osm,soc-youtube,7,137,495838,17,17,0,0
inf-italy-osm,soc-youtube,7,138,495855,17,17,0,0
inf-italy-osm,soc-youtube,7,139,495870,15,15,0,0
inf-italy-osm,soc-youtube,7,140,495884,14,14,0,0
inf-italy-osm,soc-youtube,7,141,495895,11,11,0,0
inf-italy-osm,soc-youtube,7,142,495905,10,10,0,0
inf-italy-osm,soc-youtube,7,143,495915,10,10,0,0
inf-italy-osm,soc-youtube,7,144,495924,9,9,0,0
inf-italy-osm,soc-youtube,7,145,495931,7,7,0,0
inf-italy-osm,soc-youtube,7,146,495937,6,6,0,0
inf-italy-osm,soc-youtube,7,147,495940,3,3,0,0
inf-italy-osm,soc-youtube,7,148,495943,3,3,0,0
inf-italy-osm,soc-youtube,7,149,495946,3,3,0,0
inf-italy-osm,soc-youtube,7,150,495949,3,3,0,0
inf-italy-osm,soc-youtube,7,151,495952,3,3,0,0
inf-italy-osm,soc-youtube,7,152,495954,2,2,0,0
inf-italy-osm,soc-youtube,7,153,495955,1,1,0,0
inf-italy-osm,soc-youtube,7,154,495956,1,1,0,0
inf-italy-osm,soc-youtube,7,155,495957,1,1,0,0
